設定檔,類別,地區,×1 (0–1.5kg),×2 (1.5–2.5kg),×3 (≥2.5kg),單一費率
一般設定檔,一般 / 其他設定檔,全球免運,,,,0
12X12,單件設定檔（一次訂購 1 件）,美國,22.95,45.90,68.85,
12X12,單件設定檔（一次訂購 1 件）,加拿大,17,34,51,
12X12,單件設定檔（一次訂購 1 件）,英國,10,20,30,
12X12,單件設定檔（一次訂購 1 件）,德國,11,22,33,
12X12,單件設定檔（一次訂購 1 件）,法國,12,24,33,
12X12,單件設定檔（一次訂購 1 件）,義大利,16,32,48,
12X12,單件設定檔（一次訂購 1 件）,西班牙,11,22,33,
12X12,單件設定檔（一次訂購 1 件）,荷蘭,12,24,36,
12X12,單件設定檔（一次訂購 1 件）,歐洲其他+澳洲,12,24,36,
12X12,單件設定檔（一次訂購 1 件）,亞洲+非洲,28,56,84,
12X12,單件設定檔（一次訂購 1 件）,南美洲+紐西蘭,,,,173
20X20,單件設定檔（一次訂購 1 件）,美國,23.95,47.90,71.85,
20X20,單件設定檔（一次訂購 1 件）,加拿大,19.95,39.90,59.85,
20X20,單件設定檔（一次訂購 1 件）,英國,15,30,48,
20X20,單件設定檔（一次訂購 1 件）,德國,11,22,33,
20X20,單件設定檔（一次訂購 1 件）,法國,15,30,45,
20X20,單件設定檔（一次訂購 1 件）,義大利,16,32,48,
20X20,單件設定檔（一次訂購 1 件）,西班牙,14,28,42,
20X20,單件設定檔（一次訂購 1 件）,荷蘭,14,28,42,
20X20,單件設定檔（一次訂購 1 件）,歐洲其他+澳洲,12,24,36,
20X20,單件設定檔（一次訂購 1 件）,亞洲,28,56,84,
20X20,單件設定檔（一次訂購 1 件）,南美洲+紐西蘭,,,,173
30X30,單件設定檔（一次訂購 1 件）,美國,29.95,59,89.85,
30X30,單件設定檔（一次訂購 1 件）,加拿大,19.95,39.90,59.85,
30X30,單件設定檔（一次訂購 1 件）,英國,17.50,35,52.50,
30X30,單件設定檔（一次訂購 1 件）,德國,15,30,45,
30X30,單件設定檔（一次訂購 1 件）,法國,18,36,54,
30X30,單件設定檔（一次訂購 1 件）,義大利,20,40,60,
30X30,單件設定檔（一次訂購 1 件）,西班牙,31,62,93,
30X30,單件設定檔（一次訂購 1 件）,荷蘭,14,28,42,
30X30,單件設定檔（一次訂購 1 件）,歐洲其他+澳洲,33,66,99,
30X30,單件設定檔（一次訂購 1 件）,亞洲,49,98,147,
30X30,單件設定檔（一次訂購 1 件）,南美洲+紐西蘭,,,,173
40X40,單件設定檔（一次訂購 1 件）,美國,41.95,83.90,125.85,
40X40,單件設定檔（一次訂購 1 件）,加拿大,24.95,49.90,74.85,
40X40,單件設定檔（一次訂購 1 件）,英國,25,50,75,
40X40,單件設定檔（一次訂購 1 件）,德國,15,30,45,
40X40,單件設定檔（一次訂購 1 件）,法國,18,36,54,
40X40,單件設定檔（一次訂購 1 件）,義大利,22,44,66,
40X40,單件設定檔（一次訂購 1 件）,西班牙,31,62,93,
40X40,單件設定檔（一次訂購 1 件）,荷蘭,14,28,42,
40X40,單件設定檔（一次訂購 1 件）,歐洲其他+澳洲,33,66,99,
40X40,單件設定檔（一次訂購 1 件）,亞洲,159,318,477,
40X40,單件設定檔（一次訂購 1 件）,南美洲+紐西蘭,,,,240
48X48,單件設定檔（一次訂購 1 件）,美國,215,430,645,
48X48,單件設定檔（一次訂購 1 件）,加拿大,265,530,795,
48X48,單件設定檔（一次訂購 1 件）,英國,36,72,108,
48X48,單件設定檔（一次訂購 1 件）,德國,82,164,246,
48X48,單件設定檔（一次訂購 1 件）,法國,82,164,246,
48X48,單件設定檔（一次訂購 1 件）,義大利,83,166,249,
48X48,單件設定檔（一次訂購 1 件）,西班牙,92,184,273,
48X48,單件設定檔（一次訂購 1 件）,荷蘭,77,154,231,
48X48,單件設定檔（一次訂購 1 件）,歐洲其他+澳洲,93,186,279,
48X48,單件設定檔（一次訂購 1 件）,亞洲,374,748,1122,
48X48,單件設定檔（一次訂購 1 件）,南美洲+紐西蘭,,,,480
36X36,單件設定檔（一次訂購 1 件）,美國,31.95,63.90,95.85,
36X36,單件設定檔（一次訂購 1 件）,加拿大,19.95,39.90,59.85,
36X36,單件設定檔（一次訂購 1 件）,英國,18,36,54,
36X36,單件設定檔（一次訂購 1 件）,德國,15,30,45,
36X36,單件設定檔（一次訂購 1 件）,法國,18,36,54,
36X36,單件設定檔（一次訂購 1 件）,義大利,20,40,60,
36X36,單件設定檔（一次訂購 1 件）,西班牙,31,62,93,
36X36,單件設定檔（一次訂購 1 件）,荷蘭,14,28,42,
36X36,單件設定檔（一次訂購 1 件）,歐洲其他+澳洲,33,66,99,
36X36,單件設定檔（一次訂購 1 件）,亞洲,138,276,414,
36X36,單件設定檔（一次訂購 1 件）,南美洲+紐西蘭,,,,191
10X20,單件設定檔（一次訂購 1 件）,美國,23.95,47.90,71.85,
10X20,單件設定檔（一次訂購 1 件）,加拿大,19.95,39.90,59.85,
10X20,單件設定檔（一次訂購 1 件）,英國,15,30,45,
10X20,單件設定檔（一次訂購 1 件）,德國,11,22,33,
10X20,單件設定檔（一次訂購 1 件）,法國,14,28,42,
10X20,單件設定檔（一次訂購 1 件）,義大利,16,32,48,
10X20,單件設定檔（一次訂購 1 件）,西班牙,15,30,45,
10X20,單件設定檔（一次訂購 1 件）,荷蘭,14,28,42,
10X20,單件設定檔（一次訂購 1 件）,歐洲其他+澳洲,16,32,48,
10X20,單件設定檔（一次訂購 1 件）,亞洲,,,,91
10X20,單件設定檔（一次訂購 1 件）,南美洲+紐西蘭,,,,173
20X40,單件設定檔（一次訂購 1 件）,美國,41.95,83.90,125.85,
20X40,單件設定檔（一次訂購 1 件）,加拿大,24.95,49.90,74.85,
20X40,單件設定檔（一次訂購 1 件）,英國,23,46,69,
20X40,單件設定檔（一次訂購 1 件）,德國,15,30,45,
20X40,單件設定檔（一次訂購 1 件）,法國,18,36,54,
20X40,單件設定檔（一次訂購 1 件）,義大利,22,44,66,
20X40,單件設定檔（一次訂購 1 件）,西班牙,31,62,93,
20X40,單件設定檔（一次訂購 1 件）,荷蘭,22,44,66,
20X40,單件設定檔（一次訂購 1 件）,歐洲其他+澳洲,32,64,96,
20X40,單件設定檔（一次訂購 1 件）,亞洲,,,,159
20X40,單件設定檔（一次訂購 1 件）,南美洲+紐西蘭,,,,343
16X32,單件設定檔（一次訂購 1 件）,美國,29.95,59.90,89.85,
16X32,單件設定檔（一次訂購 1 件）,加拿大,19.95,39.90,59.85,
16X32,單件設定檔（一次訂購 1 件）,英國,17,34,51,
16X32,單件設定檔（一次訂購 1 件）,德國,15,30,45,
16X32,單件設定檔（一次訂購 1 件）,法國,18,36,54,
16X32,單件設定檔（一次訂購 1 件）,義大利,20,40,60,
16X32,單件設定檔（一次訂購 1 件）,西班牙,31,62,93,
16X32,單件設定檔（一次訂購 1 件）,荷蘭,14,28,42,
16X32,單件設定檔（一次訂購 1 件）,歐洲其他＋澳洲,32,64,96,
16X32,單件設定檔（一次訂購 1 件）,亞洲,,,,123
16X32,單件設定檔（一次訂購 1 件）,南美洲+紐西蘭,,,,173
24X48,單件設定檔（一次訂購 1 件）,美國,215,430,645,
24X48,單件設定檔（一次訂購 1 件）,加拿大,245,490,735,
24X48,單件設定檔（一次訂購 1 件）,英國,35,70,105,
24X48,單件設定檔（一次訂購 1 件）,德國,95,190,285,
24X48,單件設定檔（一次訂購 1 件）,法國,80,160,240,
24X48,單件設定檔（一次訂購 1 件）,義大利,83,166,249,
24X48,單件設定檔（一次訂購 1 件）,西班牙,91,182,273,
24X48,單件設定檔（一次訂購 1 件）,荷蘭,77,154,231,
24X48,單件設定檔（一次訂購 1 件）,歐洲其他+澳洲,93,186,279,
24X48,單件設定檔（一次訂購 1 件）,亞洲,,,,375
24X48,單件設定檔（一次訂購 1 件）,南美洲+紐西蘭,,,,480
30X60,單件設定檔（一次訂購 1 件）,美國,215,430,645,
30X60,單件設定檔（一次訂購 1 件）,加拿大,245,490,735,
30X60,單件設定檔（一次訂購 1 件）,英國,36,72,108,
30X60,單件設定檔（一次訂購 1 件）,德國,160,320,480,
30X60,單件設定檔（一次訂購 1 件）,法國,81,162,243,
30X60,單件設定檔（一次訂購 1 件）,義大利,83,166,249,
30X60,單件設定檔（一次訂購 1 件）,西班牙,92,184,276,
30X60,單件設定檔（一次訂購 1 件）,荷蘭,77,154,231,
30X60,單件設定檔（一次訂購 1 件）,歐洲其他+澳洲,96,192,288,
30X60,單件設定檔（一次訂購 1 件）,亞洲,,,,375
30X60,單件設定檔（一次訂購 1 件）,南美洲+紐西蘭,,,,480
39X79,單件設定檔（一次訂購 1 件）,美國,400,800,1200,
39X79,單件設定檔（一次訂購 1 件）,加拿大,388,776,1164,
39X79,單件設定檔（一次訂購 1 件）,英國,46,92,138,
39X79,單件設定檔（一次訂購 1 件）,德國,143,286,429,
39X79,單件設定檔（一次訂購 1 件）,法國,143,286,429,
39X79,單件設定檔（一次訂購 1 件）,義大利,379,758,1137,
39X79,單件設定檔（一次訂購 1 件）,西班牙,155,310,465,
39X79,單件設定檔（一次訂購 1 件）,荷蘭,147,294,441,
39X79,單件設定檔（一次訂購 1 件）,歐洲其他+澳洲,160,320,480,
39X79,單件設定檔（一次訂購 1 件）,亞洲,,,,516
39X79,單件設定檔（一次訂購 1 件）,南美洲+紐西蘭,,,,766
12X18,單件設定檔（一次訂購 1 件）,美國,24,48,72,
12X18,單件設定檔（一次訂購 1 件）,加拿大,20,40,60,
12X18,單件設定檔（一次訂購 1 件）,英國,13,26,39,
12X18,單件設定檔（一次訂購 1 件）,德國,12,24,36,
12X18,單件設定檔（一次訂購 1 件）,法國,16,32,48,
12X18,單件設定檔（一次訂購 1 件）,義大利,16,32,48,
12X18,單件設定檔（一次訂購 1 件）,西班牙,15,30,45,
12X18,單件設定檔（一次訂購 1 件）,荷蘭,14,28,42,
12X18,單件設定檔（一次訂購 1 件）,歐洲其他+澳洲,16,32,48,
12X18,單件設定檔（一次訂購 1 件）,亞洲,56,,,
12X18,單件設定檔（一次訂購 1 件）,非洲,,,,
12X18,單件設定檔（一次訂購 1 件）,南美洲+紐西蘭,,,,173
12X18,單件設定檔（一次訂購 1 件）,波士尼亞與赫塞哥維納,,,,54
16X24,單件設定檔（一次訂購 1 件）,美國,23.95,47.90,71.85,
16X24,單件設定檔（一次訂購 1 件）,加拿大,20,40,60,
16X24,單件設定檔（一次訂購 1 件）,英國,15,30,45,
16X24,單件設定檔（一次訂購 1 件）,德國,11,22,33,
16X24,單件設定檔（一次訂購 1 件）,法國,16,32,48,
16X24,單件設定檔（一次訂購 1 件）,義大利,16,32,48,
16X24,單件設定檔（一次訂購 1 件）,西班牙,15,30,45,
16X24,單件設定檔（一次訂購 1 件）,荷蘭,14,28,42,
16X24,單件設定檔（一次訂購 1 件）,歐洲其他+澳洲,16,32,48,
16X24,單件設定檔（一次訂購 1 件）,亞洲,56,,,
16X24,單件設定檔（一次訂購 1 件）,南美洲+紐西蘭,,,,173
16X24,單件設定檔（一次訂購 1 件）,波士尼亞與赫塞哥維納,,,,54
32X48,單件設定檔（一次訂購 1 件）,美國,215,430,645,
32X48,單件設定檔（一次訂購 1 件）,加拿大,245,490,735,
32X48,單件設定檔（一次訂購 1 件）,英國,35,70,105,
32X48,單件設定檔（一次訂購 1 件）,德國,82,164,246,
32X48,單件設定檔（一次訂購 1 件）,法國,82,164,246,
32X48,單件設定檔（一次訂購 1 件）,義大利,83,166,249,
32X48,單件設定檔（一次訂購 1 件）,西班牙,92,184,276,
32X48,單件設定檔（一次訂購 1 件）,荷蘭,78,156,234,
32X48,單件設定檔（一次訂購 1 件）,歐洲其他+澳洲,93,186,279,
32X48,單件設定檔（一次訂購 1 件）,亞洲,750,,,
32X48,單件設定檔（一次訂購 1 件）,南美洲+紐西蘭,,,,480
32X48,單件設定檔（一次訂購 1 件）,波士尼亞與赫塞哥維納,,,,94
24X36,單件設定檔（一次訂購 1 件）,美國,31.95,63.90,95.85,
24X36,單件設定檔（一次訂購 1 件）,加拿大,20,40,60,
24X36,單件設定檔（一次訂購 1 件）,英國,18,36,54,
24X36,單件設定檔（一次訂購 1 件）,德國,15,30,45,
24X36,單件設定檔（一次訂購 1 件）,法國,18,36,54,
24X36,單件設定檔（一次訂購 1 件）,義大利,20,40,60,
24X36,單件設定檔（一次訂購 1 件）,西班牙,31,62,93,
24X36,單件設定檔（一次訂購 1 件）,荷蘭,14,28,42,
24X36,單件設定檔（一次訂購 1 件）,歐洲其他+澳洲,32,64,96,
24X36,單件設定檔（一次訂購 1 件）,亞洲,98,,,
24X36,單件設定檔（一次訂購 1 件）,南美洲+紐西蘭,,,,173
24X36,單件設定檔（一次訂購 1 件）,波士尼亞與赫塞哥維納,,,,40
40X60,單件設定檔（一次訂購 1 件）,美國,215,430,645,
40X60,單件設定檔（一次訂購 1 件）,加拿大,245,490,735,
40X60,單件設定檔（一次訂購 1 件）,英國,35,70,105,
40X60,單件設定檔（一次訂購 1 件）,德國,82,164,246,
40X60,單件設定檔（一次訂購 1 件）,法國,82,164,246,
40X60,單件設定檔（一次訂購 1 件）,義大利,83,166,249,
40X60,單件設定檔（一次訂購 1 件）,西班牙,92,184,276,
40X60,單件設定檔（一次訂購 1 件）,荷蘭,78,156,234,
40X60,單件設定檔（一次訂購 1 件）,歐洲其他+澳洲,93,186,279,
40X60,單件設定檔（一次訂購 1 件）,亞洲,750,,,
40X60,單件設定檔（一次訂購 1 件）,南美洲+紐西蘭,,,,722
40X60,單件設定檔（一次訂購 1 件）,波士尼亞與赫塞哥維納,,,,94
12X16,單件設定檔（一次訂購 1 件）,美國,22.95,45.90,68.85,
12X16,單件設定檔（一次訂購 1 件）,加拿大,18,36,54,
12X16,單件設定檔（一次訂購 1 件）,英國,11,22,33,
12X16,單件設定檔（一次訂購 1 件）,德國,11,22,33,
12X16,單件設定檔（一次訂購 1 件）,法國,13,13,39,
12X16,單件設定檔（一次訂購 1 件）,義大利,16,32,48,
12X16,單件設定檔（一次訂購 1 件）,西班牙,11,22,33,
12X16,單件設定檔（一次訂購 1 件）,荷蘭,12,24,36,
12X16,單件設定檔（一次訂購 1 件）,歐洲其他+澳洲,12,24,36,
12X16,單件設定檔（一次訂購 1 件）,亞洲,56,,,
12X16,單件設定檔（一次訂購 1 件）,南美洲+紐西蘭,,,,173
18X24,單件設定檔（一次訂購 1 件）,美國,30,60,90,
18X24,單件設定檔（一次訂購 1 件）,加拿大,20,40,60,
18X24,單件設定檔（一次訂購 1 件）,英國,15,30,45,
18X24,單件設定檔（一次訂購 1 件）,德國,11,11,33,
18X24,單件設定檔（一次訂購 1 件）,法國,16,32,48,
18X24,單件設定檔（一次訂購 1 件）,義大利,16,32,48,
18X24,單件設定檔（一次訂購 1 件）,西班牙,15,30,45,
18X24,單件設定檔（一次訂購 1 件）,荷蘭,14,28,42,
18X24,單件設定檔（一次訂購 1 件）,歐洲其他+澳洲,16,32,48,
18X24,單件設定檔（一次訂購 1 件）,亞洲,56,,,
18X24,單件設定檔（一次訂購 1 件）,南美洲+紐西蘭,,,,173
24X32,單件設定檔（一次訂購 1 件）,美國,30,60,90,
24X32,單件設定檔（一次訂購 1 件）,英國,18,36,54,
24X32,單件設定檔（一次訂購 1 件）,德國,15,30,45,
24X32,單件設定檔（一次訂購 1 件）,法國,18,36,54,
24X32,單件設定檔（一次訂購 1 件）,義大利,20,40,60,
24X32,單件設定檔（一次訂購 1 件）,西班牙,31,62,93,
24X32,單件設定檔（一次訂購 1 件）,荷蘭,14,28,42,
24X32,單件設定檔（一次訂購 1 件）,歐洲其他+澳洲,32,64,96,
24X32,單件設定檔（一次訂購 1 件）,亞洲,98,,,
24X32,單件設定檔（一次訂購 1 件）,南美洲+紐西蘭,,,,173
24X32,單件設定檔（一次訂購 1 件）,紐西蘭,,,,
24X32,單件設定檔（一次訂購 1 件）,"CAN 24""X32"" (61X81cm)",20,40,60,
30X40,單件設定檔（一次訂購 1 件）,美國,51,102,153,
30X40,單件設定檔（一次訂購 1 件）,加拿大,25,25,75,
30X40,單件設定檔（一次訂購 1 件）,英國,23,46,69,
30X40,單件設定檔（一次訂購 1 件）,德國,15,30,45,
30X40,單件設定檔（一次訂購 1 件）,法國,18,36,54,
30X40,單件設定檔（一次訂購 1 件）,義大利,22,44,66,
30X40,單件設定檔（一次訂購 1 件）,西班牙,32,64,96,
30X40,單件設定檔（一次訂購 1 件）,荷蘭,14,28,42,
30X40,單件設定檔（一次訂購 1 件）,歐洲其他+澳洲,32,64,96,
30X40,單件設定檔（一次訂購 1 件）,亞洲,318,,,
30X40,單件設定檔（一次訂購 1 件）,南美洲+紐西蘭,,,,240
36X48,單件設定檔（一次訂購 1 件）,美國,215,430,645,
36X48,單件設定檔（一次訂購 1 件）,加拿大,245,490,735,
36X48,單件設定檔（一次訂購 1 件）,英國,35,70,105,
36X48,單件設定檔（一次訂購 1 件）,德國,82,164,246,
36X48,單件設定檔（一次訂購 1 件）,法國,82,164,246,
36X48,單件設定檔（一次訂購 1 件）,義大利,84,168,252,
36X48,單件設定檔（一次訂購 1 件）,西班牙,92,184,276,
36X48,單件設定檔（一次訂購 1 件）,荷蘭,78,156,234,
36X48,單件設定檔（一次訂購 1 件）,歐洲其他+澳洲,95,190,285,
36X48,單件設定檔（一次訂購 1 件）,亞洲,750,,,
36X48,單件設定檔（一次訂購 1 件）,南美洲+紐西蘭,,,,480
46X60,單件設定檔（一次訂購 1 件）,美國,360,720,1080,
46X60,單件設定檔（一次訂購 1 件）,加拿大,300,600,900,
46X60,單件設定檔（一次訂購 1 件）,英國,35,70,105,
46X60,單件設定檔（一次訂購 1 件）,德國,82,164,246,
46X60,單件設定檔（一次訂購 1 件）,法國,82,164,246,
46X60,單件設定檔（一次訂購 1 件）,義大利,294,588,882,
46X60,單件設定檔（一次訂購 1 件）,西班牙,135,270,405,
46X60,單件設定檔（一次訂購 1 件）,荷蘭,78,156,234,
46X60,單件設定檔（一次訂購 1 件）,歐洲其他+澳洲,95,190,285,
46X60,單件設定檔（一次訂購 1 件）,亞洲,750,,,
46X60,單件設定檔（一次訂購 1 件）,南美洲+紐西蘭,,,,480
12X12X2,X2 設定檔（一次訂購 2 件）,美國,45.90,91.80,137.70,
12X12X2,X2 設定檔（一次訂購 2 件）,加拿大,34,68,102,
12X12X2,X2 設定檔（一次訂購 2 件）,英國,20,40,60,
12X12X2,X2 設定檔（一次訂購 2 件）,德國,22,44,66,
12X12X2,X2 設定檔（一次訂購 2 件）,法國,24,48,72,
12X12X2,X2 設定檔（一次訂購 2 件）,義大利,32,64,96,
12X12X2,X2 設定檔（一次訂購 2 件）,西班牙,22,44,66,
12X12X2,X2 設定檔（一次訂購 2 件）,荷蘭,24,48,72,
12X12X2,X2 設定檔（一次訂購 2 件）,歐洲其他+澳洲,24,48,72,
12X12X2,X2 設定檔（一次訂購 2 件）,亞洲,,,,56
20X20X2,X2 設定檔（一次訂購 2 件）,美國,47.90,95.80,143.70,
20X20X2,X2 設定檔（一次訂購 2 件）,加拿大,39.90,79.80,119.70,
20X20X2,X2 設定檔（一次訂購 2 件）,英國,30,60,90,
20X20X2,X2 設定檔（一次訂購 2 件）,德國,22,44,66,
20X20X2,X2 設定檔（一次訂購 2 件）,法國,30,60,90,
20X20X2,X2 設定檔（一次訂購 2 件）,義大利,32,64,96,
20X20X2,X2 設定檔（一次訂購 2 件）,西班牙,28,56,84,
20X20X2,X2 設定檔（一次訂購 2 件）,荷蘭,28,56,84,
20X20X2,X2 設定檔（一次訂購 2 件）,歐洲其他+澳洲,24,48,72,
20X20X2,X2 設定檔（一次訂購 2 件）,亞洲,,,,56
20X20X2,X2 設定檔（一次訂購 2 件）,非洲,,,,
30X30X2,X2 設定檔（一次訂購 2 件）,美國,59,118,177,
30X30X2,X2 設定檔（一次訂購 2 件）,加拿大,39.90,79.80,119.70,
30X30X2,X2 設定檔（一次訂購 2 件）,英國,35,70,105,
30X30X2,X2 設定檔（一次訂購 2 件）,德國,30,60,90,
30X30X2,X2 設定檔（一次訂購 2 件）,法國,36,72,108,
30X30X2,X2 設定檔（一次訂購 2 件）,義大利,40,80,120,
30X30X2,X2 設定檔（一次訂購 2 件）,西班牙,62,124,186,
30X30X2,X2 設定檔（一次訂購 2 件）,荷蘭,28,56,84,
30X30X2,X2 設定檔（一次訂購 2 件）,歐洲其他+澳洲,66,132,198,
30X30X2,X2 設定檔（一次訂購 2 件）,亞洲,,,,98
36X36X2,X2 設定檔（一次訂購 2 件）,美國,63.90,127.80,191.70,
36X36X2,X2 設定檔（一次訂購 2 件）,加拿大,39.90,79.80,119.70,
36X36X2,X2 設定檔（一次訂購 2 件）,英國,36,72,108,
36X36X2,X2 設定檔（一次訂購 2 件）,德國,30,60,90,
36X36X2,X2 設定檔（一次訂購 2 件）,法國,36,72,108,
36X36X2,X2 設定檔（一次訂購 2 件）,義大利,40,80,120,
36X36X2,X2 設定檔（一次訂購 2 件）,西班牙,62,124,186,
36X36X2,X2 設定檔（一次訂購 2 件）,荷蘭,28,56,84,
36X36X2,X2 設定檔（一次訂購 2 件）,歐洲其他+澳洲,66,132,198,
36X36X2,X2 設定檔（一次訂購 2 件）,亞洲,,,,276
40X40X2,X2 設定檔（一次訂購 2 件）,美國,83.90,167.80,251.70,
40X40X2,X2 設定檔（一次訂購 2 件）,加拿大,49.90,99.80,149.70,
40X40X2,X2 設定檔（一次訂購 2 件）,英國,50,100,150,
40X40X2,X2 設定檔（一次訂購 2 件）,德國,30,60,90,
40X40X2,X2 設定檔（一次訂購 2 件）,法國,36,72,108,
40X40X2,X2 設定檔（一次訂購 2 件）,義大利,44,88,132,
40X40X2,X2 設定檔（一次訂購 2 件）,西班牙,62,124,186,
40X40X2,X2 設定檔（一次訂購 2 件）,荷蘭,28,56,84,
40X40X2,X2 設定檔（一次訂購 2 件）,歐洲其他+澳洲,66,132,198,
40X40X2,X2 設定檔（一次訂購 2 件）,亞洲,,,,318
48X48X2,X2 設定檔（一次訂購 2 件）,美國,430,860,1290,
48X48X2,X2 設定檔（一次訂購 2 件）,加拿大,530,1060,1590,
48X48X2,X2 設定檔（一次訂購 2 件）,英國,72,144,216,
48X48X2,X2 設定檔（一次訂購 2 件）,德國,164,328,492,
48X48X2,X2 設定檔（一次訂購 2 件）,法國,164,328,492,
48X48X2,X2 設定檔（一次訂購 2 件）,義大利,166,332,498,
48X48X2,X2 設定檔（一次訂購 2 件）,西班牙,184,368,552,
48X48X2,X2 設定檔（一次訂購 2 件）,荷蘭,154,308,462,
48X48X2,X2 設定檔（一次訂購 2 件）,歐洲其他+澳洲,186,372,558,
48X48X2,X2 設定檔（一次訂購 2 件）,亞洲,,,,748
12X18X2,X2 設定檔（一次訂購 2 件）,美國,48,96,144,
12X18X2,X2 設定檔（一次訂購 2 件）,加拿大,40,80,120,
12X18X2,X2 設定檔（一次訂購 2 件）,英國,26,52,78,
12X18X2,X2 設定檔（一次訂購 2 件）,德國,24,48,72,
12X18X2,X2 設定檔（一次訂購 2 件）,法國,32,64,96,
12X18X2,X2 設定檔（一次訂購 2 件）,義大利,32,64,96,
12X18X2,X2 設定檔（一次訂購 2 件）,西班牙,30,60,90,
12X18X2,X2 設定檔（一次訂購 2 件）,荷蘭,28,56,84,
12X18X2,X2 設定檔（一次訂購 2 件）,歐洲其他+澳洲,32,64,96,
12X18X2,X2 設定檔（一次訂購 2 件）,亞洲,,,,56
16X24X2,X2 設定檔（一次訂購 2 件）,美國,47.90,95.80,143.70,
16X24X2,X2 設定檔（一次訂購 2 件）,英國,30,60,90,
16X24X2,X2 設定檔（一次訂購 2 件）,德國,22,44,66,
16X24X2,X2 設定檔（一次訂購 2 件）,法國,32,64,96,
16X24X2,X2 設定檔（一次訂購 2 件）,義大利,32,64,96,
16X24X2,X2 設定檔（一次訂購 2 件）,西班牙,30,60,90,
16X24X2,X2 設定檔（一次訂購 2 件）,荷蘭,28,56,84,
16X24X2,X2 設定檔（一次訂購 2 件）,歐洲其他+澳洲,32,64,96,
16X24X2,X2 設定檔（一次訂購 2 件）,亞洲,,,,56
16X24X2,X2 設定檔（一次訂購 2 件）,16X24X2,40,80,120,
32X48X2,X2 設定檔（一次訂購 2 件）,美國,430,860,1290,
32X48X2,X2 設定檔（一次訂購 2 件）,加拿大,490,980,1470,
32X48X2,X2 設定檔（一次訂購 2 件）,英國,70,140,210,
32X48X2,X2 設定檔（一次訂購 2 件）,德國,164,328,492,
32X48X2,X2 設定檔（一次訂購 2 件）,法國,164,328,492,
32X48X2,X2 設定檔（一次訂購 2 件）,義大利,166,332,498,
32X48X2,X2 設定檔（一次訂購 2 件）,西班牙,184,368,552,
32X48X2,X2 設定檔（一次訂購 2 件）,荷蘭,156,312,468,
32X48X2,X2 設定檔（一次訂購 2 件）,歐洲其他+澳洲,186,372,558,
32X48X2,X2 設定檔（一次訂購 2 件）,亞洲,,,,750
24X36X2,X2 設定檔（一次訂購 2 件）,美國,63.90,127.80,191.70,
24X36X2,X2 設定檔（一次訂購 2 件）,加拿大,40,80,120,
24X36X2,X2 設定檔（一次訂購 2 件）,英國,36,72,108,
24X36X2,X2 設定檔（一次訂購 2 件）,德國,30,60,90,
24X36X2,X2 設定檔（一次訂購 2 件）,法國,36,72,108,
24X36X2,X2 設定檔（一次訂購 2 件）,義大利,40,80,120,
24X36X2,X2 設定檔（一次訂購 2 件）,西班牙,62,124,186,
24X36X2,X2 設定檔（一次訂購 2 件）,荷蘭,28,56,84,
24X36X2,X2 設定檔（一次訂購 2 件）,歐洲其他+澳洲,64,128,192,
24X36X2,X2 設定檔（一次訂購 2 件）,亞洲,,,,98
40X60X2,X2 設定檔（一次訂購 2 件）,美國,430,860,1290,
40X60X2,X2 設定檔（一次訂購 2 件）,加拿大,490,980,1470,
40X60X2,X2 設定檔（一次訂購 2 件）,英國,70,140,210,
40X60X2,X2 設定檔（一次訂購 2 件）,德國,164,328,492,
40X60X2,X2 設定檔（一次訂購 2 件）,法國,164,328,492,
40X60X2,X2 設定檔（一次訂購 2 件）,義大利,166,332,498,
40X60X2,X2 設定檔（一次訂購 2 件）,西班牙,184,368,552,
40X60X2,X2 設定檔（一次訂購 2 件）,荷蘭,156,312,468,
40X60X2,X2 設定檔（一次訂購 2 件）,歐洲其他+澳洲,186,372,558,
40X60X2,X2 設定檔（一次訂購 2 件）,亞洲,,,,750
12X16X2,X2 設定檔（一次訂購 2 件）,美國,45.90,91.80,137.70,
12X16X2,X2 設定檔（一次訂購 2 件）,加拿大,36,72,108,
12X16X2,X2 設定檔（一次訂購 2 件）,英國,22,44,66,
12X16X2,X2 設定檔（一次訂購 2 件）,德國,22,44,66,
12X16X2,X2 設定檔（一次訂購 2 件）,法國,26,52,78,
12X16X2,X2 設定檔（一次訂購 2 件）,義大利,32,64,96,
12X16X2,X2 設定檔（一次訂購 2 件）,西班牙,22,44,66,
12X16X2,X2 設定檔（一次訂購 2 件）,荷蘭,24,48,72,
12X16X2,X2 設定檔（一次訂購 2 件）,歐洲其他+澳洲,24,48,72,
12X16X2,X2 設定檔（一次訂購 2 件）,亞洲,,,,56
18X24X2,X2 設定檔（一次訂購 2 件）,美國,60,120,180,
18X24X2,X2 設定檔（一次訂購 2 件）,加拿大,40,80,120,
18X24X2,X2 設定檔（一次訂購 2 件）,英國,30,60,90,
18X24X2,X2 設定檔（一次訂購 2 件）,德國,22,44,66,
18X24X2,X2 設定檔（一次訂購 2 件）,法國,32,64,96,
18X24X2,X2 設定檔（一次訂購 2 件）,義大利,32,64,96,
18X24X2,X2 設定檔（一次訂購 2 件）,西班牙,30,60,90,
18X24X2,X2 設定檔（一次訂購 2 件）,荷蘭,28,56,84,
18X24X2,X2 設定檔（一次訂購 2 件）,歐洲其他+澳洲,32,64,96,
18X24X2,X2 設定檔（一次訂購 2 件）,亞洲,,,,56
24x32x2,X2 設定檔（一次訂購 2 件）,美國,60,120,180,
24x32x2,X2 設定檔（一次訂購 2 件）,加拿大,40,80,120,
24x32x2,X2 設定檔（一次訂購 2 件）,英國,36,72,108,
24x32x2,X2 設定檔（一次訂購 2 件）,德國,30,60,90,
24x32x2,X2 設定檔（一次訂購 2 件）,法國,36,72,108,
24x32x2,X2 設定檔（一次訂購 2 件）,義大利,40,80,120,
24x32x2,X2 設定檔（一次訂購 2 件）,西班牙,62,124,186,
24x32x2,X2 設定檔（一次訂購 2 件）,荷蘭,28,56,84,
24x32x2,X2 設定檔（一次訂購 2 件）,歐洲其他+澳洲,64,128,192,
24x32x2,X2 設定檔（一次訂購 2 件）,亞洲,,,,98
30X40X2,X2 設定檔（一次訂購 2 件）,美國,102,204,306,
30X40X2,X2 設定檔（一次訂購 2 件）,加拿大,25,50,75,
30X40X2,X2 設定檔（一次訂購 2 件）,英國,46,92,138,
30X40X2,X2 設定檔（一次訂購 2 件）,德國,30,60,90,
30X40X2,X2 設定檔（一次訂購 2 件）,法國,36,72,108,
30X40X2,X2 設定檔（一次訂購 2 件）,義大利,44,88,132,
30X40X2,X2 設定檔（一次訂購 2 件）,西班牙,64,128,192,
30X40X2,X2 設定檔（一次訂購 2 件）,荷蘭,28,56,84,
30X40X2,X2 設定檔（一次訂購 2 件）,歐洲其他+澳洲,64,128,192,
30X40X2,X2 設定檔（一次訂購 2 件）,亞洲,,,,318
36X48X2,X2 設定檔（一次訂購 2 件）,美國,430,860,1290,
36X48X2,X2 設定檔（一次訂購 2 件）,加拿大,490,980,1470,
36X48X2,X2 設定檔（一次訂購 2 件）,英國,70,140,210,
36X48X2,X2 設定檔（一次訂購 2 件）,德國,164,328,492,
36X48X2,X2 設定檔（一次訂購 2 件）,法國,164,328,492,
36X48X2,X2 設定檔（一次訂購 2 件）,義大利,168,336,504,
36X48X2,X2 設定檔（一次訂購 2 件）,西班牙,184,368,552,
36X48X2,X2 設定檔（一次訂購 2 件）,荷蘭,156,312,468,
36X48X2,X2 設定檔（一次訂購 2 件）,歐洲其他+澳洲,190,380,570,
36X48X2,X2 設定檔（一次訂購 2 件）,亞洲,,,,750
46X60X2,X2 設定檔（一次訂購 2 件）,美國,720,1440,2160,
46X60X2,X2 設定檔（一次訂購 2 件）,加拿大,600,1200,1800,
46X60X2,X2 設定檔（一次訂購 2 件）,英國,70,140,210,
46X60X2,X2 設定檔（一次訂購 2 件）,德國,164,328,492,
46X60X2,X2 設定檔（一次訂購 2 件）,法國,164,328,492,
46X60X2,X2 設定檔（一次訂購 2 件）,義大利,588,1176,1764,
46X60X2,X2 設定檔（一次訂購 2 件）,西班牙,270,540,810,
46X60X2,X2 設定檔（一次訂購 2 件）,荷蘭,156,312,468,
46X60X2,X2 設定檔（一次訂購 2 件）,歐洲其他+澳洲,190,380,570,
46X60X2,X2 設定檔（一次訂購 2 件）,亞洲,,,,750
12X12X3,X3 設定檔（一次訂購 3 件）,美國,68.85,137.70,206.55,
12X12X3,X3 設定檔（一次訂購 3 件）,加拿大,51,102,153,
12X12X3,X3 設定檔（一次訂購 3 件）,英國,30,60,90,
12X12X3,X3 設定檔（一次訂購 3 件）,德國,33,66,99,
12X12X3,X3 設定檔（一次訂購 3 件）,法國,33,66,99,
12X12X3,X3 設定檔（一次訂購 3 件）,義大利,48,96,144,
12X12X3,X3 設定檔（一次訂購 3 件）,西班牙,33,66,99,
12X12X3,X3 設定檔（一次訂購 3 件）,荷蘭,36,72,108,
12X12X3,X3 設定檔（一次訂購 3 件）,歐洲其他+澳洲,36,72,108,
12X12X3,X3 設定檔（一次訂購 3 件）,亞洲,,,,84
20X20X3,X3 設定檔（一次訂購 3 件）,美國,71.85,143.70,215.55,
20X20X3,X3 設定檔（一次訂購 3 件）,加拿大,59.85,119.70,179.55,
20X20X3,X3 設定檔（一次訂購 3 件）,英國,48,96,144,
20X20X3,X3 設定檔（一次訂購 3 件）,德國,33,66,99,
20X20X3,X3 設定檔（一次訂購 3 件）,法國,45,90,135,
20X20X3,X3 設定檔（一次訂購 3 件）,義大利,48,96,144,
20X20X3,X3 設定檔（一次訂購 3 件）,西班牙,42,84,126,
20X20X3,X3 設定檔（一次訂購 3 件）,荷蘭,42,84,126,
20X20X3,X3 設定檔（一次訂購 3 件）,歐洲其他+其他,36,72,108,
20X20X3,X3 設定檔（一次訂購 3 件）,亞洲,,,,84
30X30X3,X3 設定檔（一次訂購 3 件）,美國,89.85,179.70,269.55,
30X30X3,X3 設定檔（一次訂購 3 件）,加拿大,59.85,119.70,179.55,
30X30X3,X3 設定檔（一次訂購 3 件）,英國,52.50,105,157.50,
30X30X3,X3 設定檔（一次訂購 3 件）,德國,45,90,135,
30X30X3,X3 設定檔（一次訂購 3 件）,法國,54,108,162,
30X30X3,X3 設定檔（一次訂購 3 件）,義大利,60,120,180,
30X30X3,X3 設定檔（一次訂購 3 件）,西班牙,93,186,279,
30X30X3,X3 設定檔（一次訂購 3 件）,荷蘭,42,84,126,
30X30X3,X3 設定檔（一次訂購 3 件）,歐洲其他＋澳洲,99,198,297,
30X30X3,X3 設定檔（一次訂購 3 件）,"Asia & MEA 30""X30"" (76X76cm)X3",,,,147
36X36X3,X3 設定檔（一次訂購 3 件）,美國,95.85,191.70,287.55,
36X36X3,X3 設定檔（一次訂購 3 件）,加拿大,59.85,119.70,179.55,
36X36X3,X3 設定檔（一次訂購 3 件）,英國,54,108,162,
36X36X3,X3 設定檔（一次訂購 3 件）,德國,45,90,135,
36X36X3,X3 設定檔（一次訂購 3 件）,法國,54,108,162,
36X36X3,X3 設定檔（一次訂購 3 件）,義大利,60,120,180,
36X36X3,X3 設定檔（一次訂購 3 件）,西班牙,93,186,279,
36X36X3,X3 設定檔（一次訂購 3 件）,荷蘭,42,84,126,
36X36X3,X3 設定檔（一次訂購 3 件）,歐洲其他+澳洲,99,198,297,
36X36X3,X3 設定檔（一次訂購 3 件）,亞洲,,,,414
40X40X3,X3 設定檔（一次訂購 3 件）,美國,125.85,251.70,377.55,
40X40X3,X3 設定檔（一次訂購 3 件）,加拿大,74.85,149.70,224.55,
40X40X3,X3 設定檔（一次訂購 3 件）,英國,75,150,225,
40X40X3,X3 設定檔（一次訂購 3 件）,德國,45,90,135,
40X40X3,X3 設定檔（一次訂購 3 件）,法國,54,108,162,
40X40X3,X3 設定檔（一次訂購 3 件）,義大利,66,132,198,
40X40X3,X3 設定檔（一次訂購 3 件）,西班牙,93,186,279,
40X40X3,X3 設定檔（一次訂購 3 件）,荷蘭,42,84,126,
40X40X3,X3 設定檔（一次訂購 3 件）,歐洲其他+澳洲,99,198,297,
40X40X3,X3 設定檔（一次訂購 3 件）,亞洲,,,,477
48X48X3,X3 設定檔（一次訂購 3 件）,美國,645,1290,1935,
48X48X3,X3 設定檔（一次訂購 3 件）,加拿大,735,1470,2205,
48X48X3,X3 設定檔（一次訂購 3 件）,英國,108,216,324,
48X48X3,X3 設定檔（一次訂購 3 件）,德國,246,492,738,
48X48X3,X3 設定檔（一次訂購 3 件）,法國,246,492,738,
48X48X3,X3 設定檔（一次訂購 3 件）,義大利,249,498,747,
48X48X3,X3 設定檔（一次訂購 3 件）,西班牙,273,546,819,
48X48X3,X3 設定檔（一次訂購 3 件）,荷蘭,231,462,693,
48X48X3,X3 設定檔（一次訂購 3 件）,歐洲其他+澳洲,279,558,837,
48X48X3,X3 設定檔（一次訂購 3 件）,亞洲,,,,1122
